{
  "vehicle_travel_time": {
    "all": {
      "number_vehicles": 13885,
      "avg": 825.0631366431128
    },
    "tls_controlled": {
      "number_vehicles": 2144,
      "avg": 1170.7810011376564
    }
  },
  "lane_waiting_time": {
    "avg": 1554.1444444444444
  }
}