{
  "vehicle_travel_time": {
    "all": {
      "number_vehicles": 4350,
      "avg": 818.2269503546099
    },
    "tls_controlled": {
      "number_vehicles": 4350,
      "avg": 818.2269503546099
    }
  },
  "lane_waiting_time": {
    "avg": 1277.5566666666666
  }
}