{
  "vehicle_travel_time": {
    "all": {
      "number_vehicles": 4643,
      "avg": 723.0645161290323
    },
    "tls_controlled": {
      "number_vehicles": 855,
      "avg": 920.0555555555555
    }
  },
  "lane_waiting_time": {
    "avg": 669.4733333333334
  }
}