{
  "vehicle_travel_time": {
    "all": {
      "number_vehicles": 10899,
      "avg": 825.2086429947701
    },
    "tls_controlled": {
      "number_vehicles": 1759,
      "avg": 1171.8601478112564
    }
  },
  "lane_waiting_time": {
    "avg": 1564.8255555555556
  }
}